State_Name,District_Name,Year,Season,crop_year,Area,Production,January,February,March,April,May,June,July,August,September,October,November,December,Annual Total
Rajasthan,AJMER,2004,Kharif     ,Arhar/Tur,3,,2.3,0,0,0,13.4,21.1,120.4,282.5,15.4,11.6,0,0,466.7
Rajasthan,AJMER,2004,Kharif     ,Bajra,82174,41736,2.3,0,0,0,13.4,21.1,120.4,282.5,15.4,11.6,0,0,466.7
Rajasthan,AJMER,2004,Kharif     ,Castor seed,18,7,2.3,0,0,0,13.4,21.1,120.4,282.5,15.4,11.6,0,0,466.7
Rajasthan,AJMER,2004,Kharif     ,Cotton(lint),12327,24170,2.3,0,0,0,13.4,21.1,120.4,282.5,15.4,11.6,0,0,466.7
Rajasthan,AJMER,2004,Kharif     ,Groundnut,2378,584,2.3,0,0,0,13.4,21.1,120.4,282.5,15.4,11.6,0,0,466.7
Rajasthan,AJMER,2004,Kharif     ,Jowar,119921,30195,2.3,0,0,0,13.4,21.1,120.4,282.5,15.4,11.6,0,0,466.7
Rajasthan,AJMER,2004,Kharif     ,Maize,37783,27330,2.3,0,0,0,13.4,21.1,120.4,282.5,15.4,11.6,0,0,466.7
Rajasthan,AJMER,2004,Kharif     ,Moong(Green Gram),79619,32496,2.3,0,0,0,13.4,21.1,120.4,282.5,15.4,11.6,0,0,466.7
Rajasthan,AJMER,2004,Kharif     ,Moth,1868,173,2.3,0,0,0,13.4,21.1,120.4,282.5,15.4,11.6,0,0,466.7
Rajasthan,AJMER,2004,Kharif     ,Other Kharif pulses,2259,308,2.3,0,0,0,13.4,21.1,120.4,282.5,15.4,11.6,0,0,466.7
Rajasthan,AJMER,2004,Kharif     ,Rice,18,27,2.3,0,0,0,13.4,21.1,120.4,282.5,15.4,11.6,0,0,466.7
Rajasthan,AJMER,2004,Kharif     ,Sesamum,17884,4699,2.3,0,0,0,13.4,21.1,120.4,282.5,15.4,11.6,0,0,466.7
Rajasthan,AJMER,2004,Kharif     ,Sunflower,9,7,2.3,0,0,0,13.4,21.1,120.4,282.5,15.4,11.6,0,0,466.7
Rajasthan,AJMER,2004,Kharif     ,Urad,9115,3862,2.3,0,0,0,13.4,21.1,120.4,282.5,15.4,11.6,0,0,466.7
Rajasthan,AJMER,2004,Rabi       ,Barley,7539,17792,2.3,0,0,0,13.4,21.1,120.4,282.5,15.4,11.6,0,0,466.7
Rajasthan,AJMER,2004,Rabi       ,Gram,20969,15860,2.3,0,0,0,13.4,21.1,120.4,282.5,15.4,11.6,0,0,466.7
Rajasthan,AJMER,2004,Rabi       ,Linseed,36,27,2.3,0,0,0,13.4,21.1,120.4,282.5,15.4,11.6,0,0,466.7
Rajasthan,AJMER,2004,Rabi       ,Masoor,7,7,2.3,0,0,0,13.4,21.1,120.4,282.5,15.4,11.6,0,0,466.7
Rajasthan,AJMER,2004,Rabi       ,Other  Rabi pulses,142,340,2.3,0,0,0,13.4,21.1,120.4,282.5,15.4,11.6,0,0,466.7
Rajasthan,AJMER,2004,Rabi       ,Rapeseed &Mustard,41190,43307,2.3,0,0,0,13.4,21.1,120.4,282.5,15.4,11.6,0,0,466.7
Rajasthan,AJMER,2004,Rabi       ,Wheat,25457,52533,2.3,0,0,0,13.4,21.1,120.4,282.5,15.4,11.6,0,0,466.7
Rajasthan,AJMER,2004,Whole Year ,Coriander,89,102,2.3,0,0,0,13.4,21.1,120.4,282.5,15.4,11.6,0,0,466.7
Rajasthan,AJMER,2004,Whole Year ,Dry chillies,1628,1639,2.3,0,0,0,13.4,21.1,120.4,282.5,15.4,11.6,0,0,466.7
Rajasthan,AJMER,2004,Whole Year ,Garlic,13,23,2.3,0,0,0,13.4,21.1,120.4,282.5,15.4,11.6,0,0,466.7
Rajasthan,AJMER,2004,Whole Year ,Guar seed,5320,358,2.3,0,0,0,13.4,21.1,120.4,282.5,15.4,11.6,0,0,466.7
Rajasthan,AJMER,2004,Whole Year ,Onion,1274,3250,2.3,0,0,0,13.4,21.1,120.4,282.5,15.4,11.6,0,0,466.7
Rajasthan,AJMER,2004,Whole Year ,Potato,1,2,2.3,0,0,0,13.4,21.1,120.4,282.5,15.4,11.6,0,0,466.7
Rajasthan,AJMER,2004,Whole Year ,Sugarcane,62,2996,2.3,0,0,0,13.4,21.1,120.4,282.5,15.4,11.6,0,0,466.7
Rajasthan,AJMER,2004,Whole Year ,Sweet potato,56,40,2.3,0,0,0,13.4,21.1,120.4,282.5,15.4,11.6,0,0,466.7
Rajasthan,AJMER,2005,Kharif     ,Bajra,84447,5792,0.2,2.9,9.5,28.1,2.4,57,148.1,79.9,170.6,0,0,0,498.7
Rajasthan,AJMER,2005,Kharif     ,Castor seed,164,,0.2,2.9,9.5,28.1,2.4,57,148.1,79.9,170.6,0,0,0,498.7
Rajasthan,AJMER,2005,Kharif     ,Cotton(lint),10406,10488,0.2,2.9,9.5,28.1,2.4,57,148.1,79.9,170.6,0,0,0,498.7
Rajasthan,AJMER,2005,Kharif     ,Groundnut,2197,882,0.2,2.9,9.5,28.1,2.4,57,148.1,79.9,170.6,0,0,0,498.7
Rajasthan,AJMER,2005,Kharif     ,Jowar,133856,3602,0.2,2.9,9.5,28.1,2.4,57,148.1,79.9,170.6,0,0,0,498.7
Rajasthan,AJMER,2005,Kharif     ,Maize,36338,5342,0.2,2.9,9.5,28.1,2.4,57,148.1,79.9,170.6,0,0,0,498.7
Rajasthan,AJMER,2005,Kharif     ,Moong(Green Gram),86721,9066,0.2,2.9,9.5,28.1,2.4,57,148.1,79.9,170.6,0,0,0,498.7
Rajasthan,AJMER,2005,Kharif     ,Moth,2499,357,0.2,2.9,9.5,28.1,2.4,57,148.1,79.9,170.6,0,0,0,498.7
Rajasthan,AJMER,2005,Kharif     ,Other Kharif pulses,1858,178,0.2,2.9,9.5,28.1,2.4,57,148.1,79.9,170.6,0,0,0,498.7
Rajasthan,AJMER,2005,Kharif     ,Rice,13,19,0.2,2.9,9.5,28.1,2.4,57,148.1,79.9,170.6,0,0,0,498.7
Rajasthan,AJMER,2005,Kharif     ,Sesamum,12138,691,0.2,2.9,9.5,28.1,2.4,57,148.1,79.9,170.6,0,0,0,498.7
Rajasthan,AJMER,2005,Kharif     ,Soyabean,22,25,0.2,2.9,9.5,28.1,2.4,57,148.1,79.9,170.6,0,0,0,498.7
Rajasthan,AJMER,2005,Kharif     ,Sunflower,2,1,0.2,2.9,9.5,28.1,2.4,57,148.1,79.9,170.6,0,0,0,498.7
Rajasthan,AJMER,2005,Kharif     ,Urad,6975,861,0.2,2.9,9.5,28.1,2.4,57,148.1,79.9,170.6,0,0,0,498.7
Rajasthan,AJMER,2005,Rabi       ,Barley,9904,17315,0.2,2.9,9.5,28.1,2.4,57,148.1,79.9,170.6,0,0,0,498.7
Rajasthan,AJMER,2005,Rabi       ,Gram,25153,5826,0.2,2.9,9.5,28.1,2.4,57,148.1,79.9,170.6,0,0,0,498.7
Rajasthan,AJMER,2005,Rabi       ,Linseed,22,18,0.2,2.9,9.5,28.1,2.4,57,148.1,79.9,170.6,0,0,0,498.7
Rajasthan,AJMER,2005,Rabi       ,Masoor,1,1,0.2,2.9,9.5,28.1,2.4,57,148.1,79.9,170.6,0,0,0,498.7
Rajasthan,AJMER,2005,Rabi       ,Peas & beans (Pulses),217,527,0.2,2.9,9.5,28.1,2.4,57,148.1,79.9,170.6,0,0,0,498.7
Rajasthan,AJMER,2005,Rabi       ,Rapeseed &Mustard,56481,24337,0.2,2.9,9.5,28.1,2.4,57,148.1,79.9,170.6,0,0,0,498.7
Rajasthan,AJMER,2005,Rabi       ,Wheat,23544,31307,0.2,2.9,9.5,28.1,2.4,57,148.1,79.9,170.6,0,0,0,498.7
Rajasthan,AJMER,2005,Whole Year ,Coriander,65,68,0.2,2.9,9.5,28.1,2.4,57,148.1,79.9,170.6,0,0,0,498.7
Rajasthan,AJMER,2005,Whole Year ,Dry chillies,906,503,0.2,2.9,9.5,28.1,2.4,57,148.1,79.9,170.6,0,0,0,498.7
Rajasthan,AJMER,2005,Whole Year ,Garlic,11,4,0.2,2.9,9.5,28.1,2.4,57,148.1,79.9,170.6,0,0,0,498.7
Rajasthan,AJMER,2005,Whole Year ,Guar seed,2099,241,0.2,2.9,9.5,28.1,2.4,57,148.1,79.9,170.6,0,0,0,498.7
Rajasthan,AJMER,2005,Whole Year ,Onion,773,2440,0.2,2.9,9.5,28.1,2.4,57,148.1,79.9,170.6,0,0,0,498.7
Rajasthan,AJMER,2005,Whole Year ,Potato,2,2,0.2,2.9,9.5,28.1,2.4,57,148.1,79.9,170.6,0,0,0,498.7
Rajasthan,AJMER,2005,Whole Year ,Sugarcane,30,1828,0.2,2.9,9.5,28.1,2.4,57,148.1,79.9,170.6,0,0,0,498.7
Rajasthan,AJMER,2005,Whole Year ,Sweet potato,109,109,0.2,2.9,9.5,28.1,2.4,57,148.1,79.9,170.6,0,0,0,498.7
Rajasthan,AJMER,2006,Kharif     ,Bajra,86479,70023,0,0,0.7,0,29,48.3,101.7,219.4,43.4,0.1,0,0,442.6
Rajasthan,AJMER,2006,Kharif     ,Castor seed,15,15,0,0,0.7,0,29,48.3,101.7,219.4,43.4,0.1,0,0,442.6
Rajasthan,AJMER,2006,Kharif     ,Cotton(lint),5612,2028,0,0,0.7,0,29,48.3,101.7,219.4,43.4,0.1,0,0,442.6
Rajasthan,AJMER,2006,Kharif     ,Groundnut,3301,1217,0,0,0.7,0,29,48.3,101.7,219.4,43.4,0.1,0,0,442.6
Rajasthan,AJMER,2006,Kharif     ,Jowar,149417,87848,0,0,0.7,0,29,48.3,101.7,219.4,43.4,0.1,0,0,442.6
Rajasthan,AJMER,2006,Kharif     ,Maize,36017,36979,0,0,0.7,0,29,48.3,101.7,219.4,43.4,0.1,0,0,442.6
Rajasthan,AJMER,2006,Kharif     ,Moong(Green Gram),71117,38287,0,0,0.7,0,29,48.3,101.7,219.4,43.4,0.1,0,0,442.6
Rajasthan,AJMER,2006,Kharif     ,Moth,2846,316,0,0,0.7,0,29,48.3,101.7,219.4,43.4,0.1,0,0,442.6
Rajasthan,AJMER,2006,Kharif     ,Other Kharif pulses,1634,436,0,0,0.7,0,29,48.3,101.7,219.4,43.4,0.1,0,0,442.6
Rajasthan,AJMER,2006,Kharif     ,Rice,15,24,0,0,0.7,0,29,48.3,101.7,219.4,43.4,0.1,0,0,442.6
Rajasthan,AJMER,2006,Kharif     ,Sesamum,9830,2555,0,0,0.7,0,29,48.3,101.7,219.4,43.4,0.1,0,0,442.6
Rajasthan,AJMER,2006,Kharif     ,Urad,3557,1031,0,0,0.7,0,29,48.3,101.7,219.4,43.4,0.1,0,0,442.6
Rajasthan,AJMER,2006,Rabi       ,Barley,8809,18989,0,0,0.7,0,29,48.3,101.7,219.4,43.4,0.1,0,0,442.6
Rajasthan,AJMER,2006,Rabi       ,Gram,7966,4858,0,0,0.7,0,29,48.3,101.7,219.4,43.4,0.1,0,0,442.6
Rajasthan,AJMER,2006,Rabi       ,Linseed,21,17,0,0,0.7,0,29,48.3,101.7,219.4,43.4,0.1,0,0,442.6
Rajasthan,AJMER,2006,Rabi       ,Masoor,7,6,0,0,0.7,0,29,48.3,101.7,219.4,43.4,0.1,0,0,442.6
Rajasthan,AJMER,2006,Rabi       ,Peas & beans (Pulses),249,426,0,0,0.7,0,29,48.3,101.7,219.4,43.4,0.1,0,0,442.6
Rajasthan,AJMER,2006,Rabi       ,Rapeseed &Mustard,22007,16472,0,0,0.7,0,29,48.3,101.7,219.4,43.4,0.1,0,0,442.6
Rajasthan,AJMER,2006,Rabi       ,Wheat,30011,84048,0,0,0.7,0,29,48.3,101.7,219.4,43.4,0.1,0,0,442.6
Rajasthan,AJMER,2006,Whole Year ,Coriander,46,54,0,0,0.7,0,29,48.3,101.7,219.4,43.4,0.1,0,0,442.6
Rajasthan,AJMER,2006,Whole Year ,Dry chillies,745,492,0,0,0.7,0,29,48.3,101.7,219.4,43.4,0.1,0,0,442.6
Rajasthan,AJMER,2006,Whole Year ,Garlic,8,10,0,0,0.7,0,29,48.3,101.7,219.4,43.4,0.1,0,0,442.6
Rajasthan,AJMER,2006,Whole Year ,Guar seed,6285,4119,0,0,0.7,0,29,48.3,101.7,219.4,43.4,0.1,0,0,442.6
Rajasthan,AJMER,2006,Whole Year ,Onion,547,1040,0,0,0.7,0,29,48.3,101.7,219.4,43.4,0.1,0,0,442.6
Rajasthan,AJMER,2006,Whole Year ,Potato,2,5,0,0,0.7,0,29,48.3,101.7,219.4,43.4,0.1,0,0,442.6
Rajasthan,AJMER,2006,Whole Year ,Sugarcane,49,2828,0,0,0.7,0,29,48.3,101.7,219.4,43.4,0.1,0,0,442.6
Rajasthan,AJMER,2006,Whole Year ,Sweet potato,82,155,0,0,0.7,0,29,48.3,101.7,219.4,43.4,0.1,0,0,442.6
Rajasthan,AJMER,2007,Kharif     ,Arhar/Tur,57,12,0.4,10.6,4.5,0.5,0.9,47.1,172.9,92.6,46.3,0,0,1.8,377.6
Rajasthan,AJMER,2007,Kharif     ,Bajra,83559,82062,0.4,10.6,4.5,0.5,0.9,47.1,172.9,92.6,46.3,0,0,1.8,377.6
Rajasthan,AJMER,2007,Kharif     ,Castor seed,19,16,0.4,10.6,4.5,0.5,0.9,47.1,172.9,92.6,46.3,0,0,1.8,377.6
Rajasthan,AJMER,2007,Kharif     ,Cotton(lint),5133,2163,0.4,10.6,4.5,0.5,0.9,47.1,172.9,92.6,46.3,0,0,1.8,377.6
Rajasthan,AJMER,2007,Kharif     ,Groundnut,2327,2536,0.4,10.6,4.5,0.5,0.9,47.1,172.9,92.6,46.3,0,0,1.8,377.6
Rajasthan,AJMER,2007,Kharif     ,Jowar,136794,63174,0.4,10.6,4.5,0.5,0.9,47.1,172.9,92.6,46.3,0,0,1.8,377.6
Rajasthan,AJMER,2007,Kharif     ,Maize,35762,38153,0.4,10.6,4.5,0.5,0.9,47.1,172.9,92.6,46.3,0,0,1.8,377.6
Rajasthan,AJMER,2007,Kharif     ,Moong(Green Gram),94831,30141,0.4,10.6,4.5,0.5,0.9,47.1,172.9,92.6,46.3,0,0,1.8,377.6
Rajasthan,AJMER,2007,Kharif     ,Moth,2401,495,0.4,10.6,4.5,0.5,0.9,47.1,172.9,92.6,46.3,0,0,1.8,377.6
Rajasthan,AJMER,2007,Kharif     ,Other Kharif pulses,2165,465,0.4,10.6,4.5,0.5,0.9,47.1,172.9,92.6,46.3,0,0,1.8,377.6
Rajasthan,AJMER,2007,Kharif     ,Rice,6,12,0.4,10.6,4.5,0.5,0.9,47.1,172.9,92.6,46.3,0,0,1.8,377.6
Rajasthan,AJMER,2007,Kharif     ,Sesamum,11269,3658,0.4,10.6,4.5,0.5,0.9,47.1,172.9,92.6,46.3,0,0,1.8,377.6
Rajasthan,AJMER,2007,Kharif     ,Soyabean,22,30,0.4,10.6,4.5,0.5,0.9,47.1,172.9,92.6,46.3,0,0,1.8,377.6
Rajasthan,AJMER,2007,Kharif     ,Urad,7443,2989,0.4,10.6,4.5,0.5,0.9,47.1,172.9,92.6,46.3,0,0,1.8,377.6
Rajasthan,AJMER,2007,Rabi       ,Barley,7225,14843,0.4,10.6,4.5,0.5,0.9,47.1,172.9,92.6,46.3,0,0,1.8,377.6
Rajasthan,AJMER,2007,Rabi       ,Gram,3689,2339,0.4,10.6,4.5,0.5,0.9,47.1,172.9,92.6,46.3,0,0,1.8,377.6
Rajasthan,AJMER,2007,Rabi       ,Linseed,19,15,0.4,10.6,4.5,0.5,0.9,47.1,172.9,92.6,46.3,0,0,1.8,377.6
Rajasthan,AJMER,2007,Rabi       ,Masoor,6,4,0.4,10.6,4.5,0.5,0.9,47.1,172.9,92.6,46.3,0,0,1.8,377.6
Rajasthan,AJMER,2007,Rabi       ,other oilseeds,1458,549,0.4,10.6,4.5,0.5,0.9,47.1,172.9,92.6,46.3,0,0,1.8,377.6
Rajasthan,AJMER,2007,Rabi       ,Rapeseed &Mustard,13048,12022,0.4,10.6,4.5,0.5,0.9,47.1,172.9,92.6,46.3,0,0,1.8,377.6
Rajasthan,AJMER,2007,Rabi       ,Wheat,21909,52373,0.4,10.6,4.5,0.5,0.9,47.1,172.9,92.6,46.3,0,0,1.8,377.6
Rajasthan,AJMER,2007,Whole Year ,Coriander,81,63,0.4,10.6,4.5,0.5,0.9,47.1,172.9,92.6,46.3,0,0,1.8,377.6
Rajasthan,AJMER,2007,Whole Year ,Dry chillies,1172,671,0.4,10.6,4.5,0.5,0.9,47.1,172.9,92.6,46.3,0,0,1.8,377.6
Rajasthan,AJMER,2007,Whole Year ,Garlic,24,37,0.4,10.6,4.5,0.5,0.9,47.1,172.9,92.6,46.3,0,0,1.8,377.6
Rajasthan,AJMER,2007,Whole Year ,Guar seed,13812,7400,0.4,10.6,4.5,0.5,0.9,47.1,172.9,92.6,46.3,0,0,1.8,377.6
Rajasthan,AJMER,2007,Whole Year ,Onion,772,3359,0.4,10.6,4.5,0.5,0.9,47.1,172.9,92.6,46.3,0,0,1.8,377.6
Rajasthan,AJMER,2007,Whole Year ,Sugarcane,42,2399,0.4,10.6,4.5,0.5,0.9,47.1,172.9,92.6,46.3,0,0,1.8,377.6
Rajasthan,AJMER,2007,Whole Year ,Sweet potato,110,161,0.4,10.6,4.5,0.5,0.9,47.1,172.9,92.6,46.3,0,0,1.8,377.6
Rajasthan,AJMER,2008,Kharif     ,Bajra,83304,81596,0,0,0.4,5.7,15.4,89.7,86.4,189.7,85.9,19.1,0,0,492.3
Rajasthan,AJMER,2008,Kharif     ,Castor seed,36,26,0,0,0.4,5.7,15.4,89.7,86.4,189.7,85.9,19.1,0,0,492.3
Rajasthan,AJMER,2008,Kharif     ,Cotton(lint),6328,1861,0,0,0.4,5.7,15.4,89.7,86.4,189.7,85.9,19.1,0,0,492.3
Rajasthan,AJMER,2008,Kharif     ,Groundnut,2629,1755,0,0,0.4,5.7,15.4,89.7,86.4,189.7,85.9,19.1,0,0,492.3
Rajasthan,AJMER,2008,Kharif     ,Jowar,143298,76740,0,0,0.4,5.7,15.4,89.7,86.4,189.7,85.9,19.1,0,0,492.3
Rajasthan,AJMER,2008,Kharif     ,Maize,35740,25704,0,0,0.4,5.7,15.4,89.7,86.4,189.7,85.9,19.1,0,0,492.3
Rajasthan,AJMER,2008,Kharif     ,Moong(Green Gram),73996,20891,0,0,0.4,5.7,15.4,89.7,86.4,189.7,85.9,19.1,0,0,492.3
Rajasthan,AJMER,2008,Kharif     ,Moth,1457,570,0,0,0.4,5.7,15.4,89.7,86.4,189.7,85.9,19.1,0,0,492.3
Rajasthan,AJMER,2008,Kharif     ,Other Kharif pulses,1654,762,0,0,0.4,5.7,15.4,89.7,86.4,189.7,85.9,19.1,0,0,492.3
Rajasthan,AJMER,2008,Kharif     ,Rice,4,7,0,0,0.4,5.7,15.4,89.7,86.4,189.7,85.9,19.1,0,0,492.3
Rajasthan,AJMER,2008,Kharif     ,Sesamum,25703,6173,0,0,0.4,5.7,15.4,89.7,86.4,189.7,85.9,19.1,0,0,492.3
Rajasthan,AJMER,2008,Kharif     ,Small millets,308,5,0,0,0.4,5.7,15.4,89.7,86.4,189.7,85.9,19.1,0,0,492.3
Rajasthan,AJMER,2008,Kharif     ,Soyabean,29,28,0,0,0.4,5.7,15.4,89.7,86.4,189.7,85.9,19.1,0,0,492.3
Rajasthan,AJMER,2008,Kharif     ,Urad,9220,2094,0,0,0.4,5.7,15.4,89.7,86.4,189.7,85.9,19.1,0,0,492.3
Rajasthan,AJMER,2008,Rabi       ,Barley,7878,18410,0,0,0.4,5.7,15.4,89.7,86.4,189.7,85.9,19.1,0,0,492.3
Rajasthan,AJMER,2008,Rabi       ,Gram,20783,9456,0,0,0.4,5.7,15.4,89.7,86.4,189.7,85.9,19.1,0,0,492.3
Rajasthan,AJMER,2008,Rabi       ,Linseed,114,116,0,0,0.4,5.7,15.4,89.7,86.4,189.7,85.9,19.1,0,0,492.3
Rajasthan,AJMER,2008,Rabi       ,Masoor,7,6,0,0,0.4,5.7,15.4,89.7,86.4,189.7,85.9,19.1,0,0,492.3
Rajasthan,AJMER,2008,Rabi       ,Other  Rabi pulses,18,13,0,0,0.4,5.7,15.4,89.7,86.4,189.7,85.9,19.1,0,0,492.3
Rajasthan,AJMER,2008,Rabi       ,other oilseeds,14115,3676,0,0,0.4,5.7,15.4,89.7,86.4,189.7,85.9,19.1,0,0,492.3
Rajasthan,AJMER,2008,Rabi       ,Rapeseed &Mustard,21662,13895,0,0,0.4,5.7,15.4,89.7,86.4,189.7,85.9,19.1,0,0,492.3
Rajasthan,AJMER,2008,Rabi       ,Wheat,16605,37499,0,0,0.4,5.7,15.4,89.7,86.4,189.7,85.9,19.1,0,0,492.3
Rajasthan,AJMER,2008,Whole Year ,Coriander,115,128,0,0,0.4,5.7,15.4,89.7,86.4,189.7,85.9,19.1,0,0,492.3
Rajasthan,AJMER,2008,Whole Year ,Dry chillies,844,630,0,0,0.4,5.7,15.4,89.7,86.4,189.7,85.9,19.1,0,0,492.3
Rajasthan,AJMER,2008,Whole Year ,Garlic,9,18,0,0,0.4,5.7,15.4,89.7,86.4,189.7,85.9,19.1,0,0,492.3
Rajasthan,AJMER,2008,Whole Year ,Guar seed,10038,4536,0,0,0.4,5.7,15.4,89.7,86.4,189.7,85.9,19.1,0,0,492.3
Rajasthan,AJMER,2008,Whole Year ,Onion,750,1886,0,0,0.4,5.7,15.4,89.7,86.4,189.7,85.9,19.1,0,0,492.3
Rajasthan,AJMER,2008,Whole Year ,Sugarcane,15,891,0,0,0.4,5.7,15.4,89.7,86.4,189.7,85.9,19.1,0,0,492.3
Rajasthan,AJMER,2008,Whole Year ,Sweet potato,131,,0,0,0.4,5.7,15.4,89.7,86.4,189.7,85.9,19.1,0,0,492.3
Rajasthan,AJMER,2009,Kharif     ,Arhar/Tur,6,,0.1,0,1.3,0.3,1.5,13.6,152,60.5,18.9,0.4,5,0,253.6
Rajasthan,AJMER,2009,Kharif     ,Bajra,85338,6464,0.1,0,1.3,0.3,1.5,13.6,152,60.5,18.9,0.4,5,0,253.6
Rajasthan,AJMER,2009,Kharif     ,Castor seed,93,13,0.1,0,1.3,0.3,1.5,13.6,152,60.5,18.9,0.4,5,0,253.6
Rajasthan,AJMER,2009,Kharif     ,Cotton(lint),6450,764,0.1,0,1.3,0.3,1.5,13.6,152,60.5,18.9,0.4,5,0,253.6
Rajasthan,AJMER,2009,Kharif     ,Groundnut,2390,278,0.1,0,1.3,0.3,1.5,13.6,152,60.5,18.9,0.4,5,0,253.6
Rajasthan,AJMER,2009,Kharif     ,Jowar,147086,2375,0.1,0,1.3,0.3,1.5,13.6,152,60.5,18.9,0.4,5,0,253.6
Rajasthan,AJMER,2009,Kharif     ,Maize,35274,2131,0.1,0,1.3,0.3,1.5,13.6,152,60.5,18.9,0.4,5,0,253.6
Rajasthan,AJMER,2009,Kharif     ,Moong(Green Gram),78976,1554,0.1,0,1.3,0.3,1.5,13.6,152,60.5,18.9,0.4,5,0,253.6
Rajasthan,AJMER,2009,Kharif     ,Moth,2022,,0.1,0,1.3,0.3,1.5,13.6,152,60.5,18.9,0.4,5,0,253.6
Rajasthan,AJMER,2009,Kharif     ,Other Kharif pulses,1276,,0.1,0,1.3,0.3,1.5,13.6,152,60.5,18.9,0.4,5,0,253.6
Rajasthan,AJMER,2009,Kharif     ,Rice,7,11,0.1,0,1.3,0.3,1.5,13.6,152,60.5,18.9,0.4,5,0,253.6
Rajasthan,AJMER,2009,Kharif     ,Sesamum,25449,535,0.1,0,1.3,0.3,1.5,13.6,152,60.5,18.9,0.4,5,0,253.6
Rajasthan,AJMER,2009,Kharif     ,Small millets,281,4,0.1,0,1.3,0.3,1.5,13.6,152,60.5,18.9,0.4,5,0,253.6
Rajasthan,AJMER,2009,Kharif     ,Soyabean,21,25,0.1,0,1.3,0.3,1.5,13.6,152,60.5,18.9,0.4,5,0,253.6
Rajasthan,AJMER,2009,Kharif     ,Urad,9188,217,0.1,0,1.3,0.3,1.5,13.6,152,60.5,18.9,0.4,5,0,253.6
Rajasthan,AJMER,2009,Rabi       ,Barley,3933,8653,0.1,0,1.3,0.3,1.5,13.6,152,60.5,18.9,0.4,5,0,253.6
Rajasthan,AJMER,2009,Rabi       ,Gram,158,65,0.1,0,1.3,0.3,1.5,13.6,152,60.5,18.9,0.4,5,0,253.6
Rajasthan,AJMER,2009,Rabi       ,Linseed,1,1,0.1,0,1.3,0.3,1.5,13.6,152,60.5,18.9,0.4,5,0,253.6
Rajasthan,AJMER,2009,Rabi       ,Masoor,2,2,0.1,0,1.3,0.3,1.5,13.6,152,60.5,18.9,0.4,5,0,253.6
Rajasthan,AJMER,2009,Rabi       ,other oilseeds,2324,405,0.1,0,1.3,0.3,1.5,13.6,152,60.5,18.9,0.4,5,0,253.6
Rajasthan,AJMER,2009,Rabi       ,Rapeseed &Mustard,2857,1599,0.1,0,1.3,0.3,1.5,13.6,152,60.5,18.9,0.4,5,0,253.6
Rajasthan,AJMER,2009,Rabi       ,Wheat,8761,21653,0.1,0,1.3,0.3,1.5,13.6,152,60.5,18.9,0.4,5,0,253.6
Rajasthan,AJMER,2009,Whole Year ,Coriander,98,37,0.1,0,1.3,0.3,1.5,13.6,152,60.5,18.9,0.4,5,0,253.6
Rajasthan,AJMER,2009,Whole Year ,Dry chillies,808,222,0.1,0,1.3,0.3,1.5,13.6,152,60.5,18.9,0.4,5,0,253.6
Rajasthan,AJMER,2009,Whole Year ,Guar seed,8634,42,0.1,0,1.3,0.3,1.5,13.6,152,60.5,18.9,0.4,5,0,253.6
Rajasthan,AJMER,2009,Whole Year ,Onion,538,813,0.1,0,1.3,0.3,1.5,13.6,152,60.5,18.9,0.4,5,0,253.6
Rajasthan,AJMER,2009,Whole Year ,Potato,1,,0.1,0,1.3,0.3,1.5,13.6,152,60.5,18.9,0.4,5,0,253.6
Rajasthan,AJMER,2009,Whole Year ,Sugarcane,14,806,0.1,0,1.3,0.3,1.5,13.6,152,60.5,18.9,0.4,5,0,253.6
Rajasthan,AJMER,2009,Whole Year ,Sweet potato,123,,0.1,0,1.3,0.3,1.5,13.6,152,60.5,18.9,0.4,5,0,253.6
Rajasthan,AJMER,2010,Kharif     ,Arhar/Tur,7,7,0.5,1.1,0.4,0.6,0.1,5.3,152.1,277.5,113,0.6,109.3,1.2,661.7
Rajasthan,AJMER,2010,Kharif     ,Bajra,94322,128399,0.5,1.1,0.4,0.6,0.1,5.3,152.1,277.5,113,0.6,109.3,1.2,661.7
Rajasthan,AJMER,2010,Kharif     ,Castor seed,119,38,0.5,1.1,0.4,0.6,0.1,5.3,152.1,277.5,113,0.6,109.3,1.2,661.7
Rajasthan,AJMER,2010,Kharif     ,Cotton(lint),3281,967,0.5,1.1,0.4,0.6,0.1,5.3,152.1,277.5,113,0.6,109.3,1.2,661.7
Rajasthan,AJMER,2010,Kharif     ,Groundnut,2030,2865,0.5,1.1,0.4,0.6,0.1,5.3,152.1,277.5,113,0.6,109.3,1.2,661.7
Rajasthan,AJMER,2010,Kharif     ,Jowar,160379,121578,0.5,1.1,0.4,0.6,0.1,5.3,152.1,277.5,113,0.6,109.3,1.2,661.7
Rajasthan,AJMER,2010,Kharif     ,Maize,35419,53352,0.5,1.1,0.4,0.6,0.1,5.3,152.1,277.5,113,0.6,109.3,1.2,661.7
Rajasthan,AJMER,2010,Kharif     ,Moong(Green Gram),83408,62759,0.5,1.1,0.4,0.6,0.1,5.3,152.1,277.5,113,0.6,109.3,1.2,661.7
Rajasthan,AJMER,2010,Kharif     ,Moth,1476,816,0.5,1.1,0.4,0.6,0.1,5.3,152.1,277.5,113,0.6,109.3,1.2,661.7
Rajasthan,AJMER,2010,Kharif     ,Other Kharif pulses,1599,906,0.5,1.1,0.4,0.6,0.1,5.3,152.1,277.5,113,0.6,109.3,1.2,661.7
Rajasthan,AJMER,2010,Kharif     ,Rice,9,18,0.5,1.1,0.4,0.6,0.1,5.3,152.1,277.5,113,0.6,109.3,1.2,661.7
Rajasthan,AJMER,2010,Kharif     ,Sesamum,21321,8130,0.5,1.1,0.4,0.6,0.1,5.3,152.1,277.5,113,0.6,109.3,1.2,661.7
Rajasthan,AJMER,2010,Kharif     ,Small millets,190,109,0.5,1.1,0.4,0.6,0.1,5.3,152.1,277.5,113,0.6,109.3,1.2,661.7
Rajasthan,AJMER,2010,Kharif     ,Soyabean,10,14,0.5,1.1,0.4,0.6,0.1,5.3,152.1,277.5,113,0.6,109.3,1.2,661.7
Rajasthan,AJMER,2010,Kharif     ,Urad,8860,6401,0.5,1.1,0.4,0.6,0.1,5.3,152.1,277.5,113,0.6,109.3,1.2,661.7
Rajasthan,AJMER,2010,Rabi       ,Barley,42326,95624,0.5,1.1,0.4,0.6,0.1,5.3,152.1,277.5,113,0.6,109.3,1.2,661.7
Rajasthan,AJMER,2010,Rabi       ,Gram,111133,92407,0.5,1.1,0.4,0.6,0.1,5.3,152.1,277.5,113,0.6,109.3,1.2,661.7
Rajasthan,AJMER,2010,Rabi       ,Linseed,84,51,0.5,1.1,0.4,0.6,0.1,5.3,152.1,277.5,113,0.6,109.3,1.2,661.7
Rajasthan,AJMER,2010,Rabi       ,Masoor,25,22,0.5,1.1,0.4,0.6,0.1,5.3,152.1,277.5,113,0.6,109.3,1.2,661.7
Rajasthan,AJMER,2010,Rabi       ,other oilseeds,91268,54655,0.5,1.1,0.4,0.6,0.1,5.3,152.1,277.5,113,0.6,109.3,1.2,661.7
Rajasthan,AJMER,2010,Rabi       ,Rapeseed &Mustard,24761,38618,0.5,1.1,0.4,0.6,0.1,5.3,152.1,277.5,113,0.6,109.3,1.2,661.7
Rajasthan,AJMER,2010,Rabi       ,Wheat,64322,207905,0.5,1.1,0.4,0.6,0.1,5.3,152.1,277.5,113,0.6,109.3,1.2,661.7
Rajasthan,AJMER,2010,Whole Year ,Coriander,153,169,0.5,1.1,0.4,0.6,0.1,5.3,152.1,277.5,113,0.6,109.3,1.2,661.7
Rajasthan,AJMER,2010,Whole Year ,Dry chillies,670,530,0.5,1.1,0.4,0.6,0.1,5.3,152.1,277.5,113,0.6,109.3,1.2,661.7
Rajasthan,AJMER,2010,Whole Year ,Garlic,8,13,0.5,1.1,0.4,0.6,0.1,5.3,152.1,277.5,113,0.6,109.3,1.2,661.7
Rajasthan,AJMER,2010,Whole Year ,Guar seed,6375,5471,0.5,1.1,0.4,0.6,0.1,5.3,152.1,277.5,113,0.6,109.3,1.2,661.7
Rajasthan,AJMER,2010,Whole Year ,Onion,250,1172,0.5,1.1,0.4,0.6,0.1,5.3,152.1,277.5,113,0.6,109.3,1.2,661.7
Rajasthan,AJMER,2010,Whole Year ,Potato,1,10,0.5,1.1,0.4,0.6,0.1,5.3,152.1,277.5,113,0.6,109.3,1.2,661.7
Rajasthan,AJMER,2010,Whole Year ,Sugarcane,18,1206,0.5,1.1,0.4,0.6,0.1,5.3,152.1,277.5,113,0.6,109.3,1.2,661.7
Rajasthan,AJMER,2010,Whole Year ,Sweet potato,102,134,0.5,1.1,0.4,0.6,0.1,5.3,152.1,277.5,113,0.6,109.3,1.2,661.7
